Emerald,Miranda,neque@eget.net
Jana,Mooney,adipiscing.elit.Etiam@ultrices.org
Ali,Coffey,faucibus.Morbi.vehicula@Integer.co.uk
Abigail,Maxwell,Cras.eget@estmaurisrhoncus.ca
Mercedes,Richmond,Suspendisse.non@dolortempusnon.com
Kieran,Fry,erat@Donec.ca
Conan,Eaton,est.Mauris@Seddiamlorem.net
Lucas,Irwin,hendrerit@felisadipiscing.ca
Warren,Bonner,velit.egestas@purusgravida.co.uk
Len,Chaney,eget@sagittislobortis.org
Quinn,Edwards,Duis.a.mi@ipsumcursusvestibulum.edu
Zorita,Barnett,metus.In.lorem@dolorDonec.com
Michelle,Howell,cursus.purus.Nullam@nisinibh.com
Farrah,Higgins,eu.neque.pellentesque@mi.ca
Rhonda,Sexton,Integer@duinec.co.uk
Jolie,Rivers,facilisis.eget.ipsum@mauris.co.uk
Quamar,Weeks,Vestibulum.ante.ipsum@necanteblandit.org
Bertha,Kelly,neque@Duisa.ca
Wilma,Norris,dui.Cum@tellusAeneanegestas.net
Phoebe,Adkins,Ut.tincidunt.vehicula@ligulaNullamenim.ca
Axel,Wagner,Cum@Phasellusfermentum.org
Ima,Whitehead,Nullam@Nuncsed.ca
Alea,Velazquez,Integer@Proinnonmassa.edu
Ferris,Shannon,ut.lacus.Nulla@velturpis.org
Chester,Odom,ac@necmetusfacilisis.net
Hanna,Robinson,elementum@mollisDuissit.co.uk
Rama,Raymond,nisi@MaurisnullaInteger.edu
Macaulay,Leblanc,et.malesuada.fames@senectusetnetus.edu
Hashim,Mccoy,amet@Morbineque.com
Stephen,Copeland,sit@nullamagna.org
Zephania,Solis,sociis.natoque@luctusipsum.ca
Geraldine,Kaufman,lorem.vehicula@justoeuarcu.co.uk
Xantha,Sharpe,Cras.sed.leo@Aliquamauctor.co.uk
Callie,Flynn,libero.Donec.consectetuer@a.edu
Gretchen,Landry,urna.suscipit@at.org
Oleg,Hodges,enim@euaccumsansed.ca
Kato,Santos,nec@Morbi.edu
Harding,Pitts,orci.quis@accumsaninterdumlibero.com
Clark,Henderson,vitae.risus.Duis@purusmaurisa.net
Cruz,Mcpherson,tristique.ac.eleifend@eratvel.com
Tatiana,Mercado,nisi.Mauris@magnisdis.org
Barry,Cochran,Sed.dictum@cursuspurusNullam.com
Charlotte,Ryan,elit@semperegestas.com
Arsenio,Short,et.libero@Vivamus.ca
Winifred,Norton,gravida.molestie.arcu@nuncinterdum.net
Hyacinth,Cote,amet.faucibus@sedsapienNunc.co.uk
Zoe,Parrish,volutpat.Nulla.dignissim@penatibusetmagnis.net
Hilel,Scott,urna@convallis.com
Yvette,Foley,dapibus.id.blandit@ullamcorper.com
Veronica,Christian,facilisis.eget.ipsum@Namnulla.com
Michelle,Zimmerman,velit.eu@disparturientmontes.com
Tad,Guerra,pede.Suspendisse@mattisCraseget.edu
Yvette,Nguyen,massa@sedorci.org
Leila,Wiley,mauris.a@nonummyutmolestie.org
Francesca,Blankenship,elit@nonummy.edu
Josiah,Rasmussen,nonummy.ac.feugiat@consectetuerrhoncus.net
Duncan,Mcneil,euismod.mauris@semperpretiumneque.net
Tyler,Pollard,blandit@Cum.ca
Natalie,Morrow,Mauris@semper.edu
Lesley,Fulton,magna.Nam.ligula@purussapiengravida.com
Maggy,Byers,consequat.nec.mollis@infaucibus.org
Buckminster,Dean,Ut@facilisisvitaeorci.org
Larissa,Sweet,laoreet@velmauris.org
Rooney,Matthews,facilisis.magna.tellus@aaliquetvel.edu
Rina,Irwin,facilisis.magna.tellus@tinciduntnequevitae.ca
Blake,Olsen,sit.amet@euismodet.net
Anastasia,Hart,vulputate@liberoDonec.net
Brent,Mckay,augue.id@orcilacusvestibulum.com
Maxine,Preston,eu@disparturientmontes.co.uk
Hillary,Mcintosh,dui.nec.urna@hendreritaarcu.edu
Quinn,Ochoa,at.egestas@rutrum.co.uk
Anjolie,Melton,fermentum.arcu@sit.ca
Xantha,Cruz,dictum.Phasellus@justo.com
Malachi,Woodard,scelerisque.scelerisque.dui@tortorInteger.net
Lucas,Dejesus,mi.enim@turpis.ca
Leonard,Burns,amet.orci.Ut@metusIn.ca
Maryam,Hopper,ligula.Nullam.feugiat@lobortis.co.uk
Hyacinth,Ellis,Donec.luctus.aliquet@nonsollicitudina.net
Henry,Witt,ipsum@semmollis.com
Charles,Moody,enim.diam.vel@ornare.edu
Breanna,Rios,metus.facilisis@eget.edu
Jemima,Potts,cursus.luctus.ipsum@diam.edu
Tamekah,Dalton,urna.Ut@nec.net
Thor,Spencer,arcu@Pellentesque.com
Reuben,Stevenson,imperdiet.erat@eueleifend.com
Elaine,Blackburn,magna@adipiscingelitAliquam.edu
Kai,Houston,at.risus@disparturientmontes.org
Ingrid,Pennington,arcu.imperdiet@nonduinec.net
Aurelia,House,mi.fringilla.mi@eratneque.edu
Medge,Gillespie,nulla.In@eratEtiamvestibulum.edu
Clio,Cash,a@nislQuisque.edu
Meghan,Newman,et.netus@necante.co.uk
Karina,Dorsey,rhoncus@luctuslobortisClass.com
Cole,Noel,elit@sagittisDuis.co.uk
Dexter,Heath,blandit@ornare.org
Adrian,Watson,lacinia@accumsan.net
Chantale,Mcdaniel,quis.massa.Mauris@DonecegestasAliquam.org
Hayden,Thomas,orci@amet.ca
Justine,Benton,libero.et.tristique@Proin.com
Louis,Tran,ultricies.sem@cursusvestibulum.net
