1000,Marriage
1001,Marriage
1002,Party 
1003,Marriage
1004,Party 
1005,Meeting
1006,Party 
1007,Marriage
1008,Marriage
1009,Marriage
1010,Party 
1011,Meeting
1012,Meeting
1013,Party 
1014,Party 
1015,Marriage
1016,Meeting
1017,Meeting
1018,Meeting
1019,Meeting
1020,Meeting
1021,Party 
1022,Marriage
1023,Party 
1024,Marriage
1025,Marriage
1026,Party 
1027,Meeting
1028,Meeting
1029,Meeting
1030,Marriage
1031,Meeting
1032,Party 
1033,Party 
1034,Meeting
1035,Party 
1036,Marriage
1037,Party 
1038,Meeting
1039,Marriage
1040,Meeting
1041,Marriage
1042,Party 
1043,Meeting
1044,Marriage
1045,Party 
1046,Marriage
1047,Marriage
1048,Meeting
